{"cameraMode":{"drawMode":0,"name":"Shaded","section":"Shading Mode"},"sceneLighting":false,"audioPlay":false,"sceneViewState":{"showFog":true,"showMaterialUpdate":false,"showSkybox":true,"showFlares":true,"showImageEffects":true,"showParticleSystems":true},"in2DMode":false,"pivot":{"x":5.6783766746521,"y":-1.5846431255340577,"z":-8.025794982910157},"rotation":{"x":-0.023993369191884996,"y":0.9757168292999268,"z":-0.16548028588294984,"w":-0.14148296415805818},"size":16.13128662109375,"orthographic":true}