{"cameraMode":{"drawMode":0,"name":"Shaded","section":"Shading Mode"},"sceneLighting":false,"audioPlay":false,"sceneViewState":{"showFog":true,"showMaterialUpdate":false,"showSkybox":true,"showFlares":true,"showImageEffects":true,"showParticleSystems":true},"in2DMode":false,"pivot":{"x":-0.28285980224609377,"y":-0.0023310184478759767,"z":-0.20624351501464845},"rotation":{"x":0.0142510449513793,"y":0.9709076881408691,"z":-0.23143208026885987,"w":0.05978619307279587},"size":50.2161750793457,"orthographic":true}